{
  "export_policy": {
    "missing_capabilities": [
      "export:document.identifying",
      "export:document.tooling"
    ],
    "policy_id": "normalized-export-fields",
    "reason": "Missing export capabilities",
    "redacted_fields": [
      "author",
      "creator",
      "keywords",
      "producer",
      "subject",
      "title"
    ],
    "status": "DENY",
    "trace_id": "export-1770933913"
  },
  "extraction": {
    "document": {},
    "normalizer_id": "pdf",
    "schema_version": "mimf.document@1.0",
    "signals": {},
    "sources_count": 0
  },
  "input": {
    "absolute_path": null,
    "extension": ".pdf",
    "filename": "sample.pdf",
    "mime_confidence": "high",
    "mime_type": "application/pdf",
    "sha256": "2e5c064f8231ea40294d42caa7679d53e22df4c83b3e71d6ff51f844f96fc40f",
    "size_bytes": 2593,
    "stat": {
      "ctime": "2026-02-12T22:05:13.563202+00:00",
      "mtime": "2026-02-12T22:05:13.563202+00:00"
    }
  },
  "inspection": {
    "inspector_plugin_id": "builtin.pdf_inspector",
    "labels": [
      "UNTRUSTED"
    ],
    "object_id": "file:/tmp/mimf_api_1fq9ajzx/sample.pdf",
    "object_type": "file",
    "signals": {
      "pdf": {
        "has_eof_marker": true,
        "info_ref_present": true,
        "info_resolved_keys": [
          "Author",
          "CreationDate",
          "Creator",
          "Keywords",
          "ModDate",
          "Producer",
          "Subject",
          "Title"
        ],
        "is_linearized": false,
        "magic_ok": true,
        "version": "1.3",
        "xmp_creators_count": null,
        "xmp_fields_keys": [],
        "xmp_present": false,
        "xmp_sha256": null
      }
    }
  },
  "schema": {
    "name": "mimf.file_summary",
    "version": "1.0"
  }
}
