{
  "export_policy": {
    "metadata": {
      "missing_capabilities": [
        "export:document.identifying",
        "export:document.tooling"
      ],
      "redact_fields": [
        "author",
        "creator",
        "keywords",
        "producer",
        "subject",
        "title"
      ]
    },
    "policy_id": "normalized-export-fields",
    "reason": "Missing export capabilities",
    "status": "DENY",
    "trace_id": "export-1770933913"
  },
  "normalized": {
    "error": "export denied by policy",
    "policy": {
      "metadata": {
        "missing_capabilities": [
          "export:document.identifying",
          "export:document.tooling"
        ],
        "redact_fields": [
          "author",
          "creator",
          "keywords",
          "producer",
          "subject",
          "title"
        ]
      },
      "policy_id": "normalized-export-fields",
      "reason": "Missing export capabilities",
      "status": "DENY",
      "trace_id": "export-1770933913"
    }
  },
  "normalizer_id": "pdf",
  "redacted_fields": [
    "author",
    "creator",
    "keywords",
    "producer",
    "subject",
    "title"
  ],
  "schema_version": "mimf.document@1.0"
}
